City_ID,City,Country,Lat,Lng,Max Temp,Humidity,Cloudiness,Wind Speed
0,Nanortalik,GL,60.1432,-45.2371,20.44,75,0,3.09
1,Saint-Philippe,RE,-21.3585,55.7679,78.8,65,0,4.61
2,Qaanaaq,GL,77.484,-69.3632,-8.28,75,100,8.39
3,Severodvinsk,RU,64.5635,39.8302,1.4,66,75,11.18
4,Ostrovnoy,RU,68.0531,39.5131,12.63,91,100,12.33
5,Marathon,US,44.9,-89.7668,9.0,66,90,17.27
6,Coihaique,CL,-45.5752,-72.0662,84.2,32,0,6.91
7,Talitsa,RU,56.8804,60.0213,35.6,93,0,8.95
8,Georgetown,MY,5.4112,100.3354,78.8,78,20,3.44
9,Khuzdar,PK,27.7384,66.6434,47.59,40,0,2.71
10,Mahebourg,MU,-20.4081,57.7,78.8,78,40,6.91
11,Nizwa,OM,22.9333,57.5333,54.72,60,0,1.05
12,Ushuaia,AR,-54.8,-68.3,48.2,71,40,28.77
13,Miandrivazo,MG,-19.5167,45.4667,78.85,83,100,3.85
14,Nguruka,TZ,-5.1092,31.0419,67.39,91,100,2.3
15,Kumasi,GH,6.6885,-1.6244,80.58,71,69,6.87
16,Khorixas,NA,-20.3667,14.9667,74.68,50,59,8.14
17,Tarauaca,BR,-8.1614,-70.7656,76.46,95,96,4.65
18,Hambantota,LK,6.1241,81.1185,77.56,75,100,14.72
19,Hermanus,ZA,-34.4187,19.2345,68.0,85,6,1.01
20,Bereda,ES,43.2686,-7.5406,48.0,100,100,11.99
21,Vestmannaeyjar,IS,63.4427,-20.2734,41.13,68,95,27.74
22,Hithadhoo,MV,-0.6,73.0833,82.42,77,96,11.3
23,Rutland,US,43.6167,-73.0162,37.4,87,90,6.91
24,Husavik,IS,66.0449,-17.3389,23.0,80,0,4.61
25,Jamestown,US,42.097,-79.2353,27.0,68,90,17.27
26,Theunissen,ZA,-28.411,26.7011,69.06,70,20,9.66
27,Iqaluit,CA,63.7506,-68.5145,23.0,80,75,26.46
28,Turukhansk,RU,65.8167,87.9833,-25.65,86,100,5.55
29,Chuy,UY,-33.6971,-53.4616,67.84,68,24,13.29
30,Thompson,CA,55.7435,-97.8558,-13.0,64,75,10.36
31,Bredasdorp,ZA,-34.5322,20.0403,68.0,83,15,3.44
32,Touros,BR,-5.1989,-35.4608,80.6,69,0,9.22
33,Bela,IN,25.9333,81.9833,54.79,84,52,3.65
34,Concordia,AR,-31.393,-58.0209,82.4,51,20,8.05
35,Baiao,BR,-2.7906,-49.6717,86.18,58,100,3.78
36,Sayyan,YE,15.1718,44.3244,49.42,61,15,4.09
37,Arang,IN,21.2,81.9667,59.32,33,0,3.98
38,Skibbereen,IE,51.55,-9.2667,41.0,87,75,9.22
39,Tipitapa,NI,12.1973,-86.0971,89.6,51,20,16.11
40,Xuddur,SO,4.1213,43.8894,70.38,65,0,15.21
41,Luderitz,NA,-26.6481,15.1594,73.08,50,0,22.53
42,Koubia,GN,11.5833,-11.9,72.36,22,90,1.79
43,Ust-Tarka,RU,55.5672,75.705,23.34,98,96,7.65
44,Iquitos,PE,-3.7481,-73.2472,86.0,70,75,6.91
45,Cuenca,EC,-2.8833,-78.9833,71.6,49,75,11.5
46,Toamasina,MG,-18.1667,49.3833,78.8,89,40,1.14
47,Ilulissat,GL,69.2167,-51.1,8.6,36,0,6.91
48,Salalah,OM,17.0151,54.0924,75.2,60,40,8.05
49,Kavaratti,IN,10.5669,72.642,80.4,77,0,12.95
50,Birjand,IR,32.8663,59.2211,41.0,17,0,6.91
51,Lerwick,GB,60.1545,-1.1494,33.8,55,75,19.57
52,Shache,CN,38.4167,77.2406,27.79,83,0,2.19
53,Dikson,RU,73.5069,80.5464,-33.79,83,4,10.13
54,Shilovo,RU,54.3204,40.874,4.86,94,97,10.45
55,Menongue,AO,-14.6585,17.691,66.74,80,99,2.71
56,Muromtsevo,RU,56.3724,75.2418,23.31,98,83,6.58
57,Ribera,IT,37.4984,13.2642,57.0,50,46,5.01
58,Caravelas,BR,-17.7125,-39.2481,80.71,78,95,14.99
59,Skelleftea,SE,64.7507,20.9528,8.6,85,0,6.91
60,Upernavik,GL,72.7868,-56.1549,5.43,74,91,4.34
61,Viedma,AR,-40.8135,-62.9967,97.0,17,0,1.01
62,Lebu,CL,-37.6167,-73.65,64.81,72,10,12.17
63,Inhambane,MZ,-23.865,35.3833,79.57,86,100,8.3
64,Busselton,AU,-33.65,115.3333,57.99,79,89,1.99
65,Ambato,EC,-1.2491,-78.6168,66.2,59,75,4.61
66,Oussouye,SN,12.485,-16.5469,78.8,53,0,4.61
67,Saint-Francois,FR,46.4154,3.9054,46.99,93,99,5.75
68,Cabedelo,BR,-6.9811,-34.8339,84.2,65,0,10.36
69,Sur,OM,22.5667,59.5289,63.91,68,0,5.77
70,Acari,PE,-15.4311,-74.6158,77.86,57,71,10.51
71,Laguna,US,38.421,-121.4238,63.0,47,1,4.61
72,Salym,RU,60.0625,71.4789,21.65,98,100,6.89
73,Boende,CD,-0.2167,20.8667,75.43,83,100,2.33
74,Waycross,US,31.2136,-82.354,64.4,94,90,4.61
75,Guantanamo,CU,20.1444,-75.2092,82.4,74,20,13.8
76,Wajir,KE,1.7471,40.0573,84.58,32,0,11.68
77,Nouadhibou,MR,20.931,-17.0347,64.4,77,0,10.36
78,Tereze,RU,43.9361,42.4434,33.8,75,90,33.55
79,Pangnirtung,CA,66.1451,-65.7125,14.0,79,90,5.75
80,Dhidhdhoo,MV,6.8833,73.1,81.7,72,94,8.59
81,Mecca,SA,21.4267,39.8261,64.13,58,7,4.54
82,Manjeshwar,IN,12.7194,74.8861,75.2,83,0,8.5
83,Vardo,NO,70.3705,31.1107,28.4,80,75,18.41
84,Raudeberg,NO,61.9875,5.1352,26.01,59,0,8.63
85,Abrau-Dyurso,RU,44.69,37.59,26.6,86,47,4.47
86,Kochi,IN,9.9399,76.2602,75.2,88,2,4.72
87,Chimbote,PE,-9.0853,-78.5783,74.5,64,5,11.5
88,Saldanha,ZA,-33.0117,17.9442,64.4,77,0,10.36
89,Carpentras,FR,44.0833,5.1667,55.4,87,100,3.44
90,Makokou,GA,0.5738,12.8642,73.72,83,0,3.0
91,Longyearbyen,SJ,78.2186,15.6401,26.6,86,75,12.66
92,Lagoa,PT,39.05,-27.9833,58.06,85,98,14.88
93,Opuwo,NA,-18.0607,13.84,77.18,39,84,6.51
94,Meridian,US,43.6121,-116.3915,51.8,50,40,17.27
95,Springdale,US,36.1867,-94.1288,51.01,32,40,9.22
96,Pinega,RU,64.7001,43.3936,-9.47,87,100,11.59
97,Krasnoselkup,RU,65.7,82.4667,-28.93,85,90,4.0
98,Mitsamiouli,KM,-11.3847,43.2844,82.81,70,4,3.36
99,Arlit,NE,18.7369,7.3853,68.94,21,0,5.44
100,Dingle,PH,10.9995,122.6711,74.57,90,97,6.93
101,Bandarbeyla,SO,9.4942,50.8122,73.85,72,11,11.81
102,Berbera,SO,10.4396,45.0143,73.62,74,0,1.79
103,Bengkulu,ID,-3.8004,102.2655,75.88,85,78,4.88
104,Tubuala,PA,9.5167,-79.0333,90.0,58,40,6.91
105,Pitkyaranta,RU,61.5734,31.4792,5.45,92,94,15.01
106,Ghanzi,BW,-21.5667,21.7833,69.76,89,100,10.31
107,Muros,ES,42.7762,-9.0603,53.01,75,100,7.0
108,Kralendijk,BQ,12.15,-68.2667,82.4,69,0,21.85
109,Ardakan,IR,32.31,54.0175,53.6,20,0,4.61
110,Port-Gentil,GA,-0.7193,8.7815,80.6,89,20,6.91
111,Sorland,NO,67.667,12.6934,28.4,86,40,2.3
112,Port-Cartier,CA,50.0334,-66.8654,34.0,86,100,8.05
113,Tambacounda,SN,13.7539,-13.7586,82.4,34,0,6.91
114,Nelspruit,ZA,-25.4745,30.9703,66.2,100,100,5.75
115,Cayenne,GF,4.9333,-52.3333,77.0,94,75,16.11
116,Pampierstad,ZA,-27.7832,24.6877,74.57,61,0,10.63
117,Torbay,CA,47.6666,-52.7314,37.99,100,75,25.32
118,Sindor,RU,62.8629,51.8905,-1.82,92,100,10.6
119,Anyama,CI,5.4946,-4.0518,77.0,88,40,2.3
120,Yaroslavl,RU,57.6299,39.8737,5.0,72,0,8.95
121,Mogadishu,SO,2.0371,45.3438,76.41,83,0,19.73
122,Barranca,PE,-10.75,-77.7667,74.14,67,94,10.16
123,Kruisfontein,ZA,-34.0033,24.7314,73.0,81,5,4.0
124,Narsaq,GL,60.9167,-46.05,19.4,42,0,4.61
125,Halifax,CA,44.6453,-63.5724,37.4,60,75,11.5
126,Killybegs,IE,54.6333,-8.45,42.8,87,75,10.36
127,Dzaoudzi,YT,-12.7887,45.2699,80.6,83,0,3.44
128,Carnarvon,AU,-24.8667,113.6333,80.6,79,90,23.02
129,Castro,BR,-24.7911,-50.0119,71.98,61,0,3.65
130,Ancud,CL,-41.8697,-73.8203,84.2,30,0,16.11
131,Loandjili,CG,-4.7561,11.8578,82.4,83,20,4.61
132,Rocha,UY,-34.4833,-54.3333,66.38,68,12,12.84
133,Marawi,PH,7.9986,124.2928,72.0,92,87,7.0
134,Yar-Sale,RU,66.8333,70.8333,-21.28,87,100,8.43
135,Shelburne,CA,44.0787,-80.2041,23.0,85,94,19.8
136,Mkuranga,TZ,-7.118,39.2078,80.6,83,20,9.22
137,Kortkeros,RU,61.8106,51.5806,3.2,85,75,11.18
138,Tasiilaq,GL,65.6145,-37.6368,21.2,58,75,2.3
139,Seitin,RO,46.1,20.85,51.8,82,75,9.22
140,Beyneu,KZ,45.3167,55.2,45.34,63,100,10.69
141,Bridlington,GB,54.0831,-0.1919,42.01,91,36,4.0
142,Yambio,SS,4.5721,28.3955,76.21,26,27,5.82
143,Sartana,UA,47.1744,37.6927,27.88,85,0,10.87
144,Aktash,RU,50.3,87.7333,5.92,93,100,4.61
145,Boueni,YT,-12.9025,45.0761,80.6,83,0,3.44
146,Cumaral,CO,4.2708,-73.4867,90.88,41,77,8.16
147,Ambilobe,MG,-13.2,49.05,74.12,93,61,3.6
148,Saint-Augustin,CA,51.226,-58.6502,31.91,98,100,14.2
149,Klaksvik,FO,62.2266,-6.589,32.0,86,20,1.14
150,Bojnurd,IR,37.4747,57.329,48.2,27,0,4.61
151,Micheweni,TZ,-4.9667,39.8333,80.19,80,0,8.34
152,Buraydah,SA,26.326,43.975,55.4,76,75,14.97
153,Brighton,GB,50.8284,-0.1395,46.0,98,10,1.99
154,Vilhena,BR,-12.7406,-60.1458,73.4,100,75,6.91
155,Sajkas,RS,45.2722,20.0897,51.8,100,45,2.3
156,Tingi,TZ,-11.3,35.0333,64.81,94,28,2.64
157,Tahta,EG,26.7693,31.5021,59.0,58,0,8.05
158,Murgab,TM,37.4966,61.9714,51.8,40,40,6.91
159,Mitu,CO,1.1983,-70.1733,82.0,92,88,2.46
160,Kyshtovka,RU,56.555,76.6271,18.16,97,87,8.55
161,Kharan,PK,28.5833,65.4167,49.86,39,0,3.49
162,Takoradi,GH,4.8845,-1.7554,80.06,88,0,10.69
163,Oranjemund,NA,-28.55,16.4333,63.34,90,4,8.63
164,Komsomolskiy,UZ,40.4272,71.7189,39.2,45,100,4.61
165,Nantucket,US,41.2835,-70.0995,43.0,87,90,11.5
166,Slochteren,NL,53.2208,6.8055,37.4,93,90,10.36
167,Mattru,SL,7.6244,-11.8332,78.6,67,74,4.61
168,Souillac,MU,-20.5167,57.5167,78.8,78,40,6.91
169,Tacna,PE,-18.0056,-70.2483,73.4,64,0,13.8
170,Maceio,BR,-9.6658,-35.7353,80.6,74,0,14.97
171,Giyani,ZA,-23.3025,30.7187,73.69,93,100,6.13
172,Floro,NO,61.5996,5.0328,24.8,58,0,11.5
173,Sayat,TM,38.7839,63.8803,57.2,30,0,16.11
174,Victoria,HK,22.2855,114.1577,64.99,75,0,4.03
175,Kamenka,RU,51.3223,42.7678,15.01,83,100,15.01
176,Codrington,AU,-38.2667,141.9667,56.5,88,21,12.19
177,Agadez,NE,19.75,10.25,63.1,28,0,6.51
178,Rawah,IQ,34.4816,41.9093,55.26,77,99,4.9
179,Maunabo,PR,18.0072,-65.8993,81.0,80,9,1.99
180,Taoudenni,ML,22.6783,-3.9836,83.05,13,88,12.24
181,Dharmadam,IN,11.7833,75.4333,73.92,82,7,4.25
182,Riyadh,SA,24.6877,46.7219,69.8,21,20,9.22
183,Hobyo,SO,5.3505,48.5268,75.83,80,25,15.14
184,Talnakh,RU,69.4865,88.3972,-26.39,84,93,5.1
185,Yenagoa,NG,4.9247,6.2642,80.6,81,0,5.93
186,Korla,CN,41.7597,86.1469,26.33,83,0,2.39
187,Sinnamary,GF,5.3833,-52.95,78.21,84,59,14.29
188,Jumla,NP,29.2747,82.1838,28.63,88,100,3.8
189,Malegaon,IN,20.55,74.5333,66.69,27,0,4.45
190,Zlobin,HR,45.2924,14.6541,53.6,87,75,4.61
191,Hala,PK,25.8131,68.4227,55.4,82,0,2.91
192,Ust-Kulom,RU,61.6864,53.6902,16.3,96,100,11.18
193,Sylacauga,US,33.1732,-86.2516,55.0,24,1,5.75
194,Araguacu,BR,-12.9306,-49.8264,80.64,87,100,4.14
195,Havre-Saint-Pierre,CA,50.2334,-63.5986,33.8,86,90,10.36
196,Mumford,GH,5.2618,-0.759,80.91,85,0,11.39
197,Karaton,ID,-6.3424,106.1045,80.6,78,75,12.66
198,Pitea,SE,65.3172,21.4794,15.8,86,90,9.22
199,Salgueiro,BR,-8.0742,-39.1192,88.86,31,89,7.2
200,Beloha,MG,-25.1667,45.05,76.17,89,88,3.13
201,Wagar,SD,16.1525,36.2032,63.25,29,0,12.91
202,Maltahohe,NA,-24.8333,16.9833,81.84,22,3,8.03
203,Nicoya,CR,10.1483,-85.452,93.2,40,0,8.05
204,Camana,PE,-16.6228,-72.7111,73.51,68,85,5.93
205,Vengerovo,RU,55.6848,76.7471,25.56,98,100,8.08
206,Samana,DO,19.2056,-69.3369,82.4,83,20,6.91
207,Moro,PK,26.6646,68.0016,55.4,82,0,1.99
208,Cidreira,BR,-30.1811,-50.2056,72.12,66,29,17.0
209,Kolyvan,RU,55.3053,82.7391,21.2,93,90,8.95
210,Tarma,PE,-11.4197,-75.6908,60.85,55,88,9.26
211,Mao,ES,39.8885,4.2658,60.8,63,0,16.11
212,Kopavogur,IS,64.1123,-21.913,35.6,64,0,10.36
213,Novoagansk,RU,61.9449,76.6625,8.2,95,100,9.15
214,Lahij,YE,13.1667,44.5833,67.75,70,0,6.26
215,Eyl,SO,7.9803,49.8164,72.39,78,9,11.92
216,Luena,AO,-11.7833,19.9167,63.57,93,73,2.64
217,Lekoni,GA,-1.5843,14.2591,82.22,58,92,2.84
218,Goderich,CA,43.7501,-81.7165,21.2,79,100,23.02
219,Constantine,DZ,36.365,6.6147,57.2,38,0,10.36
220,Necochea,AR,-38.5473,-58.7368,82.71,24,0,6.42
221,Mehamn,NO,71.0357,27.8492,32.0,93,90,10.36
222,Arroyo,ES,41.6096,-4.7969,51.01,93,0,11.5
223,Corinto,GR,37.9407,22.9573,57.0,87,0,2.68
224,Strai,NO,58.2,7.9,23.0,79,67,16.11
225,Valparaiso,CL,-33.0393,-71.6273,66.2,77,20,4.61
226,Irbil,IQ,36.1926,44.0106,51.8,100,90,5.75
227,Kuytun,RU,54.3419,101.5036,-1.48,91,86,2.3
228,Prizren,XK,42.2139,20.7397,39.2,87,0,1.14
229,Flekkefjord,NO,58.2971,6.6607,23.0,73,0,16.04
230,Ustye,RU,59.6304,39.736,-1.25,91,100,9.06
231,Paita,PE,-5.0892,-81.1144,84.2,54,0,11.5
232,Buchanan,LR,5.8808,-10.0467,78.8,89,20,8.03
233,Zakharovo,RU,54.366,39.2792,3.87,94,86,10.45
234,Rawson,AR,-43.3002,-65.1023,67.77,72,3,32.01
235,Concarneau,FR,47.875,-3.9225,42.8,87,0,4.61
236,Mehriz,IR,31.5917,54.4318,53.6,20,0,4.61
237,Staunton,US,38.1496,-79.0717,48.2,29,1,8.05
238,Gogrial,SS,8.5332,28.1004,76.48,18,6,9.84
239,Magdalena,PH,14.1999,121.429,78.8,78,75,3.44
240,Gitarama,RW,-2.0744,29.7567,66.2,88,75,9.22
241,Inirida,CO,3.8653,-67.9239,83.07,78,100,2.8
242,Strezhevoy,RU,60.7333,77.5889,12.2,92,90,6.71
243,Marzuq,YE,14.4,46.4667,57.34,53,0,6.31
244,Tucuma,BR,-0.1833,-50.05,81.82,78,32,8.16
245,Koygorodok,RU,60.445,50.9968,17.71,97,100,11.59
246,Jacmel,HT,18.2342,-72.5347,82.06,63,7,7.43
247,Tambura,SS,5.6,27.4667,75.42,21,4,5.77
248,Bathsheba,BB,13.2167,-59.5167,80.6,57,40,23.02
249,Omboue,GA,-1.5746,9.2618,79.07,89,100,5.7
250,Gurupa,BR,-1.405,-51.64,88.2,56,46,4.68
251,Mpika,ZM,-11.8343,31.4529,63.95,96,100,3.53
252,Adrar,MR,20.5022,-10.0711,65.97,27,19,10.69
253,Pleshanovo,RU,52.8333,53.4833,34.61,98,100,12.53
254,Kashi,CN,39.4547,75.9797,32.0,51,100,11.18
255,Agucadoura,PT,41.4318,-8.7804,50.0,93,75,6.91
256,Palmer,US,42.1584,-72.3287,39.99,75,75,3.44
257,Stepnyak,KZ,52.8339,70.7803,31.57,98,82,9.8
258,Loksa,EE,59.5764,25.7214,12.99,85,75,8.05
259,Ajaccio,FR,42.0,8.9167,48.2,93,39,8.05
260,Svetlyy,RU,54.675,20.1347,12.2,92,75,6.71
261,Riachao,BR,-7.3619,-46.6172,79.52,79,96,4.85
262,Wukari,NG,7.85,9.7833,82.4,16,0,5.91
263,Coquimbo,CL,-29.9533,-71.3436,66.2,68,40,12.66
264,Asasa,ET,7.1,39.2,57.38,45,69,1.59
265,Camacupa,AO,-12.0167,17.4833,64.8,84,100,2.28
266,Oristano,IT,39.9,8.6,55.0,95,0,4.0
267,Povenets,RU,62.8487,34.8262,1.63,91,93,13.56
268,Zlitan,LY,32.4674,14.5687,66.69,31,0,13.2
269,Nouakchott,MR,18.0858,-15.9785,64.4,82,55,18.41
270,Solhan,TR,38.9634,41.0293,26.82,87,0,5.23
271,Tessalit,ML,20.1986,1.0114,74.07,17,51,13.24
272,Kobryn,BY,52.2138,24.3564,14.4,95,39,4.68
273,Chapais,CA,49.7834,-74.8492,24.8,74,90,21.85
274,Humaita,BR,-7.5061,-63.0208,78.6,92,100,0.98
275,Hamilton,US,39.1834,-84.5333,37.99,51,40,14.97
276,Dindori,IN,22.95,81.0833,52.79,76,18,6.49
277,Carbonia,IT,39.1672,8.5222,57.2,100,40,8.05
278,Salinopolis,BR,-0.6136,-47.3561,81.32,75,14,11.39
279,Kajiado,KE,-1.8524,36.7768,62.37,79,0,10.56
280,Manta,EC,-0.95,-80.7333,82.4,74,75,4.61
281,Ayagoz,KZ,47.9714,80.4392,19.44,91,100,4.94
282,Grenville,GD,12.1167,-61.6167,84.2,61,20,23.02
283,Sapele,NG,5.8941,5.6767,82.09,77,8,5.14
284,Muyezerskiy,RU,63.9333,31.65,6.58,94,100,10.83
285,Rorvik,NO,64.8621,11.2373,17.6,93,20,4.61
286,Soloneshnoye,RU,51.6544,84.3197,28.4,96,100,3.06
287,Lembeni,TZ,-3.7833,37.6167,68.79,89,4,5.19
288,Araouane,ML,18.9048,-3.5265,81.64,14,100,7.4
289,Thinadhoo,MV,0.5333,72.9333,81.86,77,100,16.8
290,Panaba,MX,21.2833,-88.2667,86.43,48,0,11.05
291,Gurjaani,GE,41.7429,45.8011,44.49,60,11,3.94
292,Ilabaya,PE,-17.4208,-70.5133,72.1,56,100,8.03
293,Peniche,PT,39.3558,-9.3811,54.0,87,100,11.99
294,Natitingou,BJ,10.3042,1.3796,80.56,17,0,5.66
295,Hvolsvollur,IS,63.7533,-20.2243,30.99,81,91,11.01
296,Qaqortoq,GL,60.7167,-46.0333,19.4,42,0,4.61
297,Pisco,PE,-13.7,-76.2167,75.2,73,0,8.05
298,Male,MV,4.1748,73.5089,80.6,83,75,8.05
299,Zapolyarnyy,RU,69.4154,30.8136,24.8,80,75,12.66
300,Alenquer,BR,-1.9417,-54.7383,86.0,74,20,9.22
301,Agadir,MA,30.4202,-9.5982,55.4,100,40,2.46
302,Gualaceo,EC,-2.9,-78.7833,71.6,49,75,11.5
303,Margate,GB,51.3813,1.3862,46.99,86,1,1.99
304,Constitucion,CL,-35.3333,-72.4167,64.51,69,36,5.3
305,Murovane,UA,49.5214,22.9367,28.0,83,100,3.0
306,Haguenau,FR,48.8156,7.7905,50.0,93,90,9.22
307,Vallenar,CL,-28.5708,-70.7581,83.89,28,27,8.25
308,Mana,GF,5.6592,-53.7767,78.8,81,57,13.96
309,Sakaraha,MG,-22.9,44.5333,73.8,89,100,2.17
310,Taltal,CL,-25.4,-70.4833,69.33,62,36,6.85
311,Faya,SA,18.3851,42.4509,57.2,50,20,18.41
312,Sambava,MG,-14.2667,50.1667,77.0,86,28,4.61
313,Brae,GB,60.3964,-1.353,33.8,55,75,19.57
314,Yartsevo,RU,55.0667,32.6964,4.24,95,79,5.35
315,Najran,SA,17.4924,44.1277,68.0,24,0,4.61
316,Almansa,ES,38.8692,-1.0971,54.0,90,92,1.01
317,Mangla,PK,31.8931,72.3817,51.31,66,0,2.1
318,Randolph,US,35.7001,-79.8164,54.0,81,1,8.05
319,Fort-Shevchenko,KZ,44.5086,50.263,42.58,84,100,21.0
320,Sarkand,KZ,45.41,79.9186,31.8,78,93,4.32
321,Burdur,TR,37.7203,30.2908,39.2,81,0,4.61
322,Huarmey,PE,-10.0681,-78.1522,75.13,64,81,11.27
323,Orodara,BF,10.9492,-4.9342,80.6,36,0,4.61
324,Bayeux,BR,-7.125,-34.9322,80.6,78,0,6.91
325,Sokoni,TZ,-6.4333,39.55,80.6,83,20,9.22
326,Aswan,EG,24.0934,32.907,61.48,45,0,13.87
327,Maracay,VE,10.2469,-67.5958,89.6,45,40,6.17
328,Koupela,BF,12.1794,-0.3517,81.52,16,0,8.7
329,Banapur,IN,19.7833,85.1833,66.87,64,18,4.94
330,Kasongo-Lunda,CD,-6.4667,16.8167,72.05,89,100,1.68
331,Khakhea,BW,-24.6895,23.494,68.45,84,94,8.32
332,Suez,EG,29.9737,32.5263,59.77,81,5,9.73
333,Vokhtoga,RU,58.8147,41.0461,0.68,92,100,8.5
334,Cururupu,BR,-1.8283,-44.8683,80.02,72,33,5.19
335,Cayce,US,33.9657,-81.074,57.99,44,75,9.22
336,Kholm-Zhirkovskiy,RU,55.5189,33.4731,4.06,94,100,7.76
337,Andra,RU,62.5147,65.8878,11.64,97,100,4.23
338,Namibe,AO,-15.1961,12.1522,72.28,75,30,3.4
339,Zonguldak,TR,41.25,31.8333,43.92,67,76,3.65
340,Pionerskiy,RU,54.9508,20.2275,12.2,92,75,6.71
341,Beinamar,TD,8.6698,15.3813,77.2,18,19,5.82
342,Hawick,GB,55.4227,-2.7867,37.0,97,100,10.0
343,Malanje,AO,-9.5402,16.341,65.89,90,100,1.66
344,Paamiut,GL,61.994,-49.6678,20.5,77,0,8.52
345,Bardiyah,LY,31.7561,25.0865,59.0,88,48,11.12
346,Ust-Tsilma,RU,65.441,52.1498,-13.22,87,100,9.08
347,Turtas,RU,58.9417,69.1325,31.26,98,100,8.5
348,Georgiyevka,KZ,43.0369,74.7114,30.2,80,100,8.95
349,Harper,LR,4.375,-7.7169,79.45,89,38,7.94
350,Mykolayiv,UA,46.9659,31.9974,32.0,80,0,6.71
351,Kochubey,RU,44.3861,46.5825,39.45,71,53,22.57
352,Moussoro,TD,13.6408,16.4901,70.03,22,0,14.76
353,Chipurupalle,IN,18.3,83.5667,64.18,74,1,2.89
354,Belousovka,KZ,50.1339,82.5239,30.2,93,90,8.95
355,Antofagasta,CL,-23.65,-70.4,68.0,73,20,16.11
356,Karasjok,NO,69.4719,25.5112,26.6,80,75,21.85
357,Harnosand,SE,62.6323,17.9379,19.0,92,0,10.36
358,Illapel,CL,-31.6308,-71.1653,77.76,38,0,7.96
359,Tombouctou,ML,20.0,-3.0,81.28,14,100,7.72
360,Shentala,RU,54.45,51.4833,23.56,99,100,14.12
361,Qom,IR,34.6401,50.8764,51.12,65,97,2.39
362,Aquiraz,BR,-3.9014,-38.3911,82.4,74,40,12.66
363,Gravdal,NO,68.1214,13.5031,28.4,86,40,2.3
364,Carutapera,BR,-1.195,-46.02,80.53,72,77,8.48
365,Bayan,CN,46.0833,127.4,-3.87,91,100,3.96
366,Zaria,NG,11.1113,7.7227,73.76,20,0,10.6
367,Usinsk,RU,65.9939,57.5281,-12.19,89,89,12.88
368,Dingli,MT,35.8614,14.3822,60.01,94,38,4.61
369,Westerland,DE,54.9079,8.3033,32.0,80,90,26.46
370,Sirjan,IR,29.452,55.6814,49.48,42,0,8.16
371,Syracuse,IT,37.0881,15.2792,63.0,82,0,9.22
372,Katihar,IN,25.5333,87.5833,61.0,56,0,5.48
373,Latehar,IN,23.75,84.5,52.68,64,0,1.79
374,Dutse,NG,11.7594,9.3392,72.43,22,0,11.25
375,Stornoway,GB,58.2093,-6.3865,39.2,70,75,20.71
376,Altay,CN,47.8667,88.1167,17.15,86,100,2.37
377,Canutama,BR,-6.5339,-64.3831,77.41,93,100,0.63
378,Sembe,CG,1.6481,14.5806,76.15,73,0,2.73
379,Nortelandia,BR,-14.4547,-56.8028,83.97,75,96,3.67
380,Potsdam,DE,52.3989,13.0657,32.0,94,99,12.88
381,Pauini,BR,-7.7136,-66.9764,82.74,80,70,2.62
382,Saint-Joseph,RE,-21.3667,55.6167,78.8,65,0,4.61
383,Pudozh,RU,61.8099,36.5345,3.06,91,100,9.19
384,Olafsvik,IS,64.8945,-23.7142,38.37,77,93,29.42
385,Ucar,AZ,40.519,47.6542,51.8,46,75,26.46
386,Ipixuna,BR,-1.7625,-48.8043,86.0,70,40,9.22
387,Kachkanar,RU,58.7,59.4948,35.73,97,100,7.94
388,Giyon,ET,8.5333,37.9833,62.1,40,74,0.78
389,Tema,GH,5.667,-0.0166,82.4,83,0,10.36
390,Luanda,AO,-8.8368,13.2343,78.8,83,0,10.36
391,Swellendam,ZA,-34.0226,20.4417,68.0,83,0,3.44
392,Lalpur,IN,22.2,69.9667,62.49,32,0,10.09
393,Isny,DE,47.7,10.0333,45.0,89,100,5.97
394,Praia,CV,14.9215,-23.5087,69.8,64,40,20.71
395,Andover,GB,51.2083,-1.4825,44.01,93,75,5.75
396,Waddan,LY,29.1614,16.139,64.15,29,100,10.8
397,Loiza,PR,18.4313,-65.8802,82.4,65,40,18.41
398,Naliya,IN,23.2667,68.8333,63.55,50,0,10.71
399,Tarut,SA,26.5733,50.0369,66.2,72,0,3.44
400,Meshchovsk,RU,54.3244,35.2808,5.22,95,95,9.19
401,Edgewater,US,28.9889,-80.9023,77.0,46,40,9.22
402,Monroe,US,43.1501,-77.6831,33.01,64,40,19.57
403,Honningsvag,NO,70.9821,25.9704,32.0,59,75,26.46
404,Colon,PA,9.3592,-79.9014,87.01,63,95,5.99
405,Arivonimamo,MG,-19.0167,47.1833,68.0,94,75,2.3
406,Marrakesh,MA,31.6315,-8.0083,51.8,82,75,10.36
407,Cullman,US,34.1748,-86.8436,53.01,29,1,5.75
408,Albertville,US,34.2676,-86.2089,50.0,34,1,11.5
409,Rieti,IT,42.4072,12.8592,48.99,60,1,8.05
410,Bellview,US,30.4616,-87.315,57.2,54,90,9.22
411,Dwarka,IN,22.2394,68.9678,68.54,51,0,16.35
412,Gazojak,TM,41.1875,61.4036,50.05,47,100,9.28
413,Bokoro,TD,12.3807,17.0568,74.16,19,0,13.62
414,Sompeta,IN,18.9333,84.6,67.55,53,0,3.53
415,Yzeure,FR,46.5644,3.355,48.0,93,98,5.75
416,Shelabolikha,RU,53.4131,82.6167,24.8,93,75,6.71
417,Awbari,LY,26.5921,12.7805,59.76,32,4,10.04
418,Zhanaozen,KZ,43.3,52.8,43.52,86,89,22.08
419,Itaituba,BR,-4.2761,-55.9836,89.6,62,20,11.5
420,Axim,GH,4.8699,-2.2405,80.11,86,17,8.97
421,Jalu,LY,29.0331,21.5482,54.05,61,0,1.83
422,Adre,TD,13.4667,22.2,63.73,27,0,21.61
423,Matara,LK,5.9485,80.5353,74.43,84,91,5.93
424,Sharjah,AE,25.3573,55.4033,69.8,45,0,2.3
425,Tiznit,MA,29.5833,-9.5,52.9,66,64,7.7
426,Umba,RU,66.6871,34.3429,7.14,94,98,5.26
427,Pasinler,TR,39.9803,41.6764,24.8,86,40,8.05
428,Queimadas,BR,-10.9783,-39.6264,88.84,36,76,6.44
429,Gazanjyk,TM,39.2446,55.5154,58.44,37,100,12.64
430,Orebro,SE,59.2741,15.2066,19.0,85,42,3.44
431,Lisakovsk,KZ,52.5369,62.4936,34.54,97,100,15.39
432,Alandi,IN,18.6667,73.9,66.33,36,3,4.38
433,Kutum,SD,14.2,24.6667,51.98,40,0,10.8
434,Borinskoye,RU,52.4569,39.3713,6.6,94,96,10.92
435,Mabaruma,GY,8.2,-59.7833,80.2,71,95,7.23
436,Torit,SS,4.4133,32.5678,80.92,21,37,1.88
437,Havoysund,NO,70.9963,24.6622,32.0,86,90,23.02
438,Yafran,LY,32.0633,12.5286,60.17,32,1,15.17
439,Halkirk,CA,52.2834,-112.1518,-9.4,100,100,6.91
440,Shumyachi,RU,53.8583,32.4242,9.9,96,97,6.73
441,Aksarayskiy,RU,46.7924,48.0119,41.0,81,75,26.84
442,Bodmin,GB,50.4715,-4.7243,37.4,87,40,5.75
443,Vredendal,ZA,-31.6683,18.5012,63.93,78,0,5.35
444,Totma,RU,59.9747,42.7642,-0.04,92,100,8.81
445,Gandu,BR,-13.7439,-39.4867,79.5,78,81,4.56
446,Bailieborough,IE,53.9167,-6.9667,42.01,89,90,1.01
447,Upata,VE,8.0086,-62.3989,83.79,55,99,6.44
448,Kingsland,US,30.8,-81.6898,64.0,87,99,1.99
449,Pimentel,PE,-6.8367,-79.9342,77.0,61,90,17.27
450,Lethem,GY,3.3803,-59.7968,87.67,49,6,13.58
451,Gorom-Gorom,BF,14.4439,-0.2361,79.99,16,0,9.48
452,Pangoa,PE,-12.1167,-73.0,75.63,93,99,3.15
453,Norrkoping,SE,58.5942,16.1826,6.8,92,79,4.61
454,Camabatela,AO,-8.1881,15.375,64.42,95,99,0.47
455,Ntoum,GA,0.3833,9.7833,84.2,84,40,6.91
456,Matane,CA,48.8286,-67.522,28.4,93,79,4.61
457,Berlevag,NO,70.8578,29.0864,26.6,93,90,10.36
458,Mathathane,BW,-22.2687,28.7495,77.4,75,71,17.63
459,Cizre,TR,37.3272,42.1903,47.23,69,0,3.18
460,Cervo,ES,43.6702,-7.4101,51.01,86,100,1.99
461,Darab,IR,28.7519,54.5444,52.65,39,0,0.96
462,Tamandare,BR,-8.7597,-35.1047,79.39,76,1,10.09
463,Kurchum,KZ,48.5722,83.6542,20.3,96,100,1.63
464,Campoverde,PE,-8.4753,-74.8058,86.0,66,75,4.61
465,Otjimbingwe,NA,-22.35,16.1333,82.0,39,86,1.07
466,Vestmanna,FO,62.1564,-7.1664,32.0,86,20,1.14
467,Japura,ID,-0.3167,102.35,72.25,94,99,1.72
468,Mizdah,LY,31.4451,12.9801,61.18,31,77,8.93
469,Tazovskiy,RU,67.4667,78.7,-36.29,82,37,3.18
470,Bhag,PK,29.0415,67.8239,59.68,31,0,1.52
471,Ilo,PE,-17.6394,-71.3375,71.04,75,67,4.68
472,Chaykovskiy,RU,56.7686,54.1148,33.01,96,100,1.99
473,Saint-Pierre,RE,-21.3393,55.4781,78.8,65,0,4.61
474,Aasiaat,GL,68.7098,-52.8699,0.37,78,3,9.37
475,Calama,CL,-22.4667,-68.9333,77.0,19,0,25.32
476,Floriano,BR,-6.7669,-43.0225,85.15,64,44,3.87
477,Begunitsy,RU,59.5855,29.3176,5.0,78,75,11.18
478,Atar,MR,20.5169,-13.0499,64.08,41,99,6.11
479,Boras,SE,57.721,12.9401,15.01,92,0,8.05
480,Alexandria,EG,31.2156,29.9553,60.8,77,40,10.36
481,Soavinandriana,MG,-19.1667,46.7333,61.54,100,100,1.43
482,Atasu,KZ,48.6814,71.6433,25.86,96,91,6.78
483,Corrente,BR,-3.7367,-43.3394,81.54,72,24,5.91
484,Tabat,ID,-2.635,115.2274,73.29,96,99,0.6
485,Aguilas,ES,37.4063,-1.5829,59.0,75,29,7.54
486,Pierreville,CA,46.0703,-72.8112,32.0,93,100,9.22
487,Bonavista,CA,48.6499,-53.1147,37.4,100,98,5.75
488,Hofn,IS,64.2539,-15.2082,36.77,79,100,12.73
489,Nalut,LY,30.3333,10.85,61.23,31,100,13.8
490,Mahon,ES,39.8885,4.2658,60.8,63,0,16.11
491,Mindelo,CV,16.8901,-24.9804,69.8,64,40,23.02
492,Velingara,SN,13.15,-14.1167,82.53,17,94,10.02
493,Tsiroanomandidy,MG,-18.7667,46.0333,69.12,93,100,2.93
494,Juruti,BR,-2.1522,-56.0922,90.86,49,54,3.49
495,Bakchar,RU,57.0186,82.0711,8.76,96,85,5.5
496,Almaty,KZ,43.25,76.95,28.4,93,75,4.47
497,Rundu,NA,-17.9333,19.7667,73.44,67,36,3.24
498,Colares,PT,38.7992,-9.4469,55.0,87,20,10.36
499,Rafaela,AR,-31.2503,-61.4867,86.0,26,0,3.0
500,Prieska,ZA,-29.6641,22.7474,83.61,13,0,6.4
501,Zemio,CF,5.0314,25.1361,78.51,20,9,6.62
502,Dakar,SN,14.6937,-17.4441,64.4,82,100,16.11
503,Leh,IN,34.1667,77.5833,3.29,60,0,2.98
504,Abnub,EG,27.2696,31.1511,57.2,82,0,9.22
505,Grindavik,IS,63.8424,-22.4338,35.6,87,75,19.57
506,Bud,US,39.447,-86.1758,33.01,71,100,18.1
507,Maralal,KE,1.0968,36.698,59.88,69,0,3.2
508,Dudinka,RU,69.4058,86.1778,-29.18,84,98,6.24
509,Sibi,PK,29.5448,67.8764,59.09,30,0,3.04
510,Iracoubo,GF,5.4802,-53.2011,78.35,84,77,15.55
511,Kathu,TH,7.9178,98.3332,78.8,73,20,13.8
512,Masallatah,LY,32.6167,14.0,65.16,28,0,14.65
513,Zhezkazgan,KZ,47.8043,67.7144,20.12,97,0,6.33
514,Xudat,AZ,41.631,48.681,50.22,70,94,6.98
515,Tartagal,AR,-22.5164,-63.8013,83.32,47,21,5.3
516,Asosa,ET,10.0667,34.5333,62.76,28,0,7.52
517,Gondar,ET,12.6,37.4667,50.85,45,0,5.93
518,Ivangorod,RU,59.3716,28.2162,5.95,93,100,6.15
519,Seydi,TM,39.4816,62.9137,53.24,41,100,17.0
520,Surt,LY,31.2089,16.5887,65.66,38,24,12.21
521,Akdepe,TM,42.0551,59.3788,51.8,62,0,6.91
522,Pedernales,DO,18.0384,-71.744,84.2,60,18,10.09
523,Lar,IN,26.2039,83.9717,58.62,67,64,3.74
524,Chulym,RU,55.0997,80.9572,14.25,97,90,6.04
525,Lundazi,ZM,-12.2929,33.1782,64.54,89,18,4.61
526,Saint-Ambroise,CA,48.5501,-71.3324,28.99,74,100,10.36
527,Mahajanga,MG,-15.7167,46.3167,82.4,83,20,5.75
528,Lyubech,UA,51.7026,30.6569,16.32,95,1,8.79
529,Karacakoy,TR,41.4029,28.3834,50.0,100,30,1.14
530,Sinop,TR,41.7711,34.8709,41.77,80,75,3.36
531,Asfi,MA,32.2994,-9.2372,57.31,74,70,9.42
532,Kidal,ML,18.4411,1.4078,74.75,16,74,11.05
533,Tabou,CI,4.423,-7.3528,79.0,89,35,7.47
534,Luhyny,UA,51.082,28.4006,17.51,95,2,6.4
535,Carolina,PR,18.3808,-65.9574,84.2,61,40,17.27
536,Chicama,PE,-7.8447,-79.1469,71.6,83,75,10.36
537,Zharkent,KZ,44.1628,80.0,31.19,80,100,1.52
538,Mutata,CO,7.2441,-76.4356,84.27,72,98,3.36
539,Oktyabrskoye,RU,43.0645,44.7417,38.86,75,97,6.49
540,Sernur,RU,56.9333,49.1536,15.55,96,100,16.37
541,Matagami,CA,49.7502,-77.6328,26.6,93,90,12.66
542,Brigantine,US,39.4101,-74.3646,50.0,62,1,12.66
543,Khomeyn,IR,33.6423,50.0789,43.93,62,80,3.42
544,Shu,KZ,43.5983,73.7614,32.67,88,100,7.67
545,Kyabe,TD,9.4515,18.9449,78.78,17,43,5.19
546,Talcahuano,CL,-36.7167,-73.1167,64.4,77,90,11.5
547,Wilmington,US,34.2257,-77.9447,54.0,94,90,9.22
548,Hearst,CA,49.6835,-83.6665,12.2,85,100,8.05
549,Fortaleza,BR,-3.7227,-38.5247,82.4,74,40,12.66
550,Mwinilunga,ZM,-11.7358,24.4293,64.51,91,100,0.69
551,Pitimbu,BR,-7.4706,-34.8086,80.6,78,0,6.91
552,Muisne,EC,0.6,-80.0333,78.8,89,75,9.22
553,Malatya,TR,38.5,38.0,41.0,70,0,2.3
554,Piacabucu,BR,-10.4056,-36.4344,80.26,74,38,17.52
555,Tocopilla,CL,-22.092,-70.1979,72.07,50,91,5.68
556,Kushmurun,KZ,52.4503,64.6311,34.18,98,100,15.93
557,Mehran,IR,33.1222,46.1646,42.8,93,90,6.91
558,Pokhara,NP,28.2333,83.9833,48.52,50,53,6.51
559,Kandi,BJ,11.1342,2.9386,80.65,16,0,5.3
560,Dotnuva,LT,55.35,23.9,12.2,85,12,2.3
561,Gagra,GE,43.3283,40.2239,42.8,75,40,4.47
562,Angoche,MZ,-16.2325,39.9086,81.07,84,100,4.65
563,Bloomingdale,US,27.8936,-82.2404,78.8,41,1,10.36
564,Ouallam,NE,14.3188,2.0866,79.5,16,59,10.29
565,Kalengwa,ZM,-13.4659,25.0027,66.87,94,100,3.98
566,Bratslav,UA,48.8226,28.9407,27.0,79,74,5.82
567,Mahanoro,MG,-19.9,48.8,76.98,85,5,4.79
568,Hurghada,EG,27.2574,33.8129,66.2,48,0,12.66
569,Banepa,NP,27.6298,85.5214,48.2,76,40,2.3
570,Porbandar,IN,21.6422,69.6093,67.26,35,0,15.86
571,Kolchugino,RU,56.3,39.3833,-0.56,92,99,8.43
572,Vigeland,NO,58.0844,7.305,23.0,19,54,19.82
573,Antipino,RU,57.1068,65.7576,32.0,100,90,11.18
574,Ostroleka,PL,53.0862,21.5757,17.01,73,7,3.6
575,Maputo,MZ,-25.9653,32.5892,81.0,83,75,6.91
576,Doka,SD,13.5167,35.7667,66.38,24,0,13.09
577,Kalmunai,LK,7.4167,81.8167,75.7,87,94,8.93
578,Bandipur,NP,27.9333,84.4167,43.29,86,74,2.17
579,Kismayo,SO,-0.3582,42.5454,76.8,84,0,13.6
580,Jasper,US,37.2001,-94.3502,51.01,40,1,10.36
581,Gat,IL,31.61,34.7642,61.0,100,31,5.68
582,Tara,RU,56.8944,74.371,27.52,99,97,7.76
583,Sechura,PE,-5.5569,-80.8222,82.09,55,51,14.14
584,Horasan,TR,40.0458,42.1728,18.9,89,8,3.18
585,Camacha,PT,33.0833,-16.3333,57.2,67,40,18.41
586,Addanki,IN,15.8167,79.9833,65.59,83,19,2.1
587,Sakakah,SA,29.9697,40.2064,55.4,76,20,8.05
588,Carndonagh,IE,55.25,-7.2667,42.62,88,100,15.66
